<?xml version="1.0" encoding="UTF-8"?>
<manifest identifier="MANIFEST_ID" version="1.2" 
xmlns="http://www.imsglobal.org/xsd/imscp_v1p1" 
xmlns:adlcp="http://www.adlnet.org/xsd/adlcp_v1p3">
  <organizations default="default">
        <organization identifier="default">
            <title>SCORM Sample Project</title>
            <item identifier="item_1" identifierref="resource_1">
                <title>Page 1: Introduction</title>
            </item>
            <item identifier="item_2" identifierref="resource_2">
                <title>Page 2: Question</title>
            </item>
        </organization>
    </organizations>
    <resources>
        <resource identifier="resource_1" type="webcontent" adlcp:scormtype="sco" href="index.html">
            <file href="index.html"/>
            <file href="js/scorm-api-wrapper.js"/>
            <file href="js/app.js"/>
            <file href="css/styles.css"/>
        </resource>
        <resource identifier="resource_2" type="webcontent" adlcp:scormtype="sco" href="index2.html">
            <file href="index2.html"/>
            <file href="js/scorm-api-wrapper.js"/>
            <file href="js/app.js"/>
            <file href="css/styles.css"/>
        </resource>
    </resources>
</manifest>